{"RandomForest": {"(2, 10, 15)": 0.9344600526777874, "(2, 10, 20)": 0.9345039508340649, "(2, 10, 25)": 0.9315188762071992, "(2, 12, 15)": 0.9374890254609307, "(2, 12, 20)": 0.9374451273046531, "(2, 12, 25)": 0.9344600526777874, "(2, 14, 15)": 0.9374451273046531, "(2, 14, 20)": 0.9314749780509219, "(2, 14, 25)": 0.9374451273046533, "(4, 10, 15)": 0.9374890254609307, "(4, 10, 20)": 0.9345039508340649, "(4, 10, 25)": 0.9314749780509217, "(4, 12, 15)": 0.9315188762071994, "(4, 12, 20)": 0.9345039508340649, "(4, 12, 25)": 0.9434591747146619, "(4, 14, 15)": 0.9285338015803337, "(4, 14, 20)": 0.9464003511852501, "(4, 14, 25)": 0.9374890254609307}, "1-NN": {"(2, 10, 15)": 0.7736611062335383, "(2, 10, 20)": 0.7856014047410009, "(2, 10, 25)": 0.7766900790166813, "(2, 12, 15)": 0.7736611062335383, "(2, 12, 20)": 0.7856014047410009, "(2, 12, 25)": 0.7796312554872695, "(2, 14, 15)": 0.7736611062335383, "(2, 14, 20)": 0.7856014047410009, "(2, 14, 25)": 0.7796751536435469, "(4, 10, 15)": 0.7766461808604038, "(4, 10, 20)": 0.7885864793678665, "(4, 10, 25)": 0.7796751536435469, "(4, 12, 15)": 0.7766461808604038, "(4, 12, 20)": 0.7885864793678665, "(4, 12, 25)": 0.7826602282704126, "(4, 14, 15)": 0.7766461808604038, "(4, 14, 20)": 0.7885864793678665, "(4, 14, 25)": 0.7826602282704126}, "3-NN": {"(2, 10, 15)": 0.8214661984196663, "(2, 10, 20)": 0.8125109745390693, "(2, 10, 25)": 0.8125109745390695, "(2, 12, 15)": 0.8214661984196663, "(2, 12, 20)": 0.8125109745390693, "(2, 12, 25)": 0.8125109745390695, "(2, 14, 15)": 0.8214661984196663, "(2, 14, 20)": 0.8125109745390693, "(2, 14, 25)": 0.8125109745390695, "(4, 10, 15)": 0.8214661984196663, "(4, 10, 20)": 0.8125109745390693, "(4, 10, 25)": 0.8095258999122038, "(4, 12, 15)": 0.8214661984196663, "(4, 12, 20)": 0.8125109745390693, "(4, 12, 25)": 0.8095258999122038, "(4, 14, 15)": 0.8214661984196663, "(4, 14, 20)": 0.8125109745390693, "(4, 14, 25)": 0.8095258999122038}, "5-NN": {"(2, 10, 15)": 0.8185250219490781, "(2, 10, 20)": 0.8154960491659351, "(2, 10, 25)": 0.8065408252853381, "(2, 12, 15)": 0.8185250219490781, "(2, 12, 20)": 0.8154960491659351, "(2, 12, 25)": 0.8065408252853381, "(2, 14, 15)": 0.8185250219490781, "(2, 14, 20)": 0.8125109745390693, "(2, 14, 25)": 0.8065408252853381, "(4, 10, 15)": 0.8185250219490781, "(4, 10, 20)": 0.8125109745390693, "(4, 10, 25)": 0.8065408252853381, "(4, 12, 15)": 0.8185250219490781, "(4, 12, 20)": 0.8154960491659351, "(4, 12, 25)": 0.8065408252853381, "(4, 14, 15)": 0.8185250219490781, "(4, 14, 20)": 0.8154960491659351, "(4, 14, 25)": 0.8065408252853381}, "LogRegression": {"(2, 10, 15)": 0.910667251975417, "(2, 10, 20)": 0.919622475856014, "(2, 10, 25)": 0.9196224758560142, "(2, 12, 15)": 0.9166374012291485, "(2, 12, 20)": 0.9166374012291485, "(2, 12, 25)": 0.910667251975417, "(2, 14, 15)": 0.9136523266022827, "(2, 14, 20)": 0.919622475856014, "(2, 14, 25)": 0.9166374012291485, "(4, 10, 15)": 0.9136523266022827, "(4, 10, 20)": 0.919622475856014, "(4, 10, 25)": 0.91369622475856, "(4, 12, 15)": 0.9195785776997367, "(4, 12, 20)": 0.9166374012291485, "(4, 12, 25)": 0.9166374012291485, "(4, 14, 15)": 0.9165935030728709, "(4, 14, 20)": 0.919622475856014, "(4, 14, 25)": 0.9166374012291485}, "SVM": {"(2, 10, 15)": 0.910667251975417, "(2, 10, 20)": 0.919622475856014, "(2, 10, 25)": 0.9196224758560142, "(2, 12, 15)": 0.9166374012291485, "(2, 12, 20)": 0.9166374012291485, "(2, 12, 25)": 0.910667251975417, "(2, 14, 15)": 0.9136523266022827, "(2, 14, 20)": 0.919622475856014, "(2, 14, 25)": 0.9166374012291485, "(4, 10, 15)": 0.9136523266022827, "(4, 10, 20)": 0.919622475856014, "(4, 10, 25)": 0.91369622475856, "(4, 12, 15)": 0.9195785776997367, "(4, 12, 20)": 0.9166374012291485, "(4, 12, 25)": 0.9166374012291485, "(4, 14, 15)": 0.9165935030728709, "(4, 14, 20)": 0.919622475856014, "(4, 14, 25)": 0.9166374012291485}}