{"RandomForest": {"(2, 10, 15)": 0.934529368124332, "(2, 10, 20)": 0.9345199423052802, "(2, 10, 25)": 0.9316728416763702, "(2, 12, 15)": 0.9376243682182682, "(2, 12, 20)": 0.9374957568380404, "(2, 12, 25)": 0.9345689336660395, "(2, 14, 15)": 0.9374473587628659, "(2, 14, 20)": 0.9315056476721992, "(2, 14, 25)": 0.9376040692987082, "(4, 10, 15)": 0.9375703387476998, "(4, 10, 20)": 0.9346485983445344, "(4, 10, 25)": 0.9316138897892927, "(4, 12, 15)": 0.9315685769140348, "(4, 12, 20)": 0.9346065962756629, "(4, 12, 25)": 0.9435528717623367, "(4, 14, 15)": 0.9287104310339723, "(4, 14, 20)": 0.9464385136839596, "(4, 14, 25)": 0.9375703387476998}, "1-NN": {"(2, 10, 15)": 0.7734181047213792, "(2, 10, 20)": 0.7852848206332037, "(2, 10, 25)": 0.7758731322846009, "(2, 12, 15)": 0.7734181047213792, "(2, 12, 20)": 0.7852848206332037, "(2, 12, 25)": 0.7787780054013302, "(2, 14, 15)": 0.7734181047213792, "(2, 14, 20)": 0.7852848206332037, "(2, 14, 25)": 0.7790107640453143, "(4, 10, 15)": 0.7765052096993977, "(4, 10, 20)": 0.7883027256103, "(4, 10, 25)": 0.7788910372616972, "(4, 12, 15)": 0.7765052096993977, "(4, 12, 20)": 0.7883027256103, "(4, 12, 25)": 0.7820286690224106, "(4, 14, 15)": 0.7765052096993977, "(4, 14, 20)": 0.7883027256103, "(4, 14, 25)": 0.7820286690224106}, "3-NN": {"(2, 10, 15)": 0.8216781952610948, "(2, 10, 20)": 0.8129270037562701, "(2, 10, 25)": 0.812820170459689, "(2, 12, 15)": 0.8216781952610948, "(2, 12, 20)": 0.8129270037562701, "(2, 12, 25)": 0.812820170459689, "(2, 14, 15)": 0.8216781952610948, "(2, 14, 20)": 0.8129270037562701, "(2, 14, 25)": 0.812820170459689, "(4, 10, 15)": 0.8216781952610948, "(4, 10, 20)": 0.8129270037562701, "(4, 10, 25)": 0.8099090987791738, "(4, 12, 15)": 0.8216781952610948, "(4, 12, 20)": 0.8129270037562701, "(4, 12, 25)": 0.8099090987791738, "(4, 14, 15)": 0.8216781952610948, "(4, 14, 20)": 0.8129270037562701, "(4, 14, 25)": 0.8099090987791738}, "5-NN": {"(2, 10, 15)": 0.8186109003815419, "(2, 10, 20)": 0.8156324730770048, "(2, 10, 25)": 0.8065652185673791, "(2, 12, 15)": 0.8186109003815419, "(2, 12, 20)": 0.8156324730770048, "(2, 12, 25)": 0.8065652185673791, "(2, 14, 15)": 0.8186109003815419, "(2, 14, 20)": 0.8125453680989864, "(2, 14, 25)": 0.8065652185673791, "(4, 10, 15)": 0.8186109003815419, "(4, 10, 20)": 0.8125453680989864, "(4, 10, 25)": 0.8065652185673791, "(4, 12, 15)": 0.8186109003815419, "(4, 12, 20)": 0.8156324730770048, "(4, 12, 25)": 0.8065652185673791, "(4, 14, 15)": 0.8186109003815419, "(4, 14, 20)": 0.8156324730770048, "(4, 14, 25)": 0.8065652185673791}, "LogRegression": {"(2, 10, 15)": 0.9048710298287468, "(2, 10, 20)": 0.9049335274592247, "(2, 10, 25)": 0.9050222861214273, "(2, 12, 15)": 0.9019965546117457, "(2, 12, 20)": 0.8931281223323803, "(2, 12, 25)": 0.9020411692499793, "(2, 14, 15)": 0.9049889497222207, "(2, 14, 20)": 0.9020457353282751, "(2, 14, 25)": 0.9050222861214273, "(4, 10, 15)": 0.9020497644981426, "(4, 10, 20)": 0.9020180211334115, "(4, 10, 25)": 0.902109498927514, "(4, 12, 15)": 0.9019965546117457, "(4, 12, 20)": 0.896122532713896, "(4, 12, 25)": 0.8961339716745504, "(4, 14, 15)": 0.8991130414636983, "(4, 14, 20)": 0.9020457353282751, "(4, 14, 25)": 0.9021060714194828}, "SVM": {"(2, 10, 15)": 0.9107729359624004, "(2, 10, 20)": 0.9197842175824691, "(2, 10, 25)": 0.919764261205678, "(2, 12, 15)": 0.9167131430554925, "(2, 12, 20)": 0.9167924872708166, "(2, 12, 25)": 0.9108276590057249, "(2, 14, 15)": 0.9137900811219147, "(2, 14, 20)": 0.9197842175824691, "(2, 14, 25)": 0.9167831799896844, "(4, 10, 15)": 0.9137900811219147, "(4, 10, 20)": 0.9197842175824691, "(4, 10, 25)": 0.9138209258843586, "(4, 12, 15)": 0.9196638791462451, "(4, 12, 20)": 0.9167924872708166, "(4, 12, 25)": 0.9167924872708166, "(4, 14, 15)": 0.9167408172126674, "(4, 14, 20)": 0.9197842175824691, "(4, 14, 25)": 0.9167831799896844}}